{
  "ts": 1782401668,
  "source": "/Users/shanyu/Foliation-Engine/out/chip/hea_thermo_full.json",
  "elements": [
    "Ni",
    "Co",
    "Cr",
    "Fe",
    "Mn"
  ],
  "fractions": {
    "Ni": 0.35000000082977173,
    "Co": 0.05001753037844122,
    "Cr": 0.19996493758357414,
    "Fe": 0.05001753037844122,
    "Mn": 0.35000000082977173
  },
  "c_star_vector": [
    0.35000000082977173,
    0.05001753037844122,
    0.19996493758357414,
    0.05001753037844122,
    0.35000000082977173
  ],
  "constraints": {
    "sum": 1.0,
    "c_min": 0.05,
    "c_max": 0.35
  }
}