{
  "status": "PASS",
  "passed": true,
  "has_short_range_order": true,
  "alpha_matrix": {
    "Mn": {
      "Mn": 0.08160192713038228,
      "Cr": -0.07899227140419551,
      "Ni": -0.04104699583581195,
      "Co": -0.0727190605239385,
      "Fe": 0.09665763324299914
    },
    "Cr": {
      "Mn": 0.05949256342957121,
      "Cr": -0.09361329833770782,
      "Ni": 0.003744958709429702,
      "Co": -0.2303149606299213,
      "Fe": 0.17979002624671914
    },
    "Ni": {
      "Mn": 0.022346368715083664,
      "Cr": -0.07334988619904825,
      "Ni": 0.012126992778307755,
      "Co": 0.010707635009311045,
      "Fe": 0.06890130353817503
    },
    "Co": {
      "Mn": 0.04040404040404033,
      "Cr": -0.26262626262626254,
      "Ni": 0.05764966740576505,
      "Co": 0.24242424242424243,
      "Fe": 0.24242424242424243
    },
    "Fe": {
      "Mn": -0.010101010101010166,
      "Cr": -0.05218855218855212,
      "Ni": -0.10864745011086474,
      "Co": 0.05303030303030298,
      "Fe": 1.0
    }
  },
  "composition": {
    "Mn": 45,
    "Cr": 27,
    "Ni": 41,
    "Co": 6,
    "Fe": 6
  },
  "fractions": {
    "Mn": 0.36,
    "Cr": 0.216,
    "Ni": 0.328,
    "Co": 0.048,
    "Fe": 0.048
  },
  "max_abs_alpha": 1.0,
  "n_neighbors_sampled": 1080,
  "message": "max|\u03b1_ij|=1.0000 \u2014 SRO bias detected (journal-grade HEA)"
}