{
  "source": "forge-daemon-poles+hubbard+hr-anisotropy",
  "temperature_K": [
    0.5,
    2.0,
    5.0,
    10.0,
    20.0,
    40.0,
    80.0,
    120.0,
    160.0,
    200.0
  ],
  "rho_s": [
    0.011657130768904914,
    0.01165603893934215,
    0.01165385512908127,
    0.011650214997328816,
    0.011642933052631785,
    0.011628362428719681,
    0.011599194164507606,
    0.011569989728373831,
    0.011540748938847769,
    0.011511471612857843
  ],
  "T_c_estimate_K": 10730.825556877482,
  "rho_s_at_zero": 0.011657494700899603,
  "delta_gap_eV": 1.6223,
  "bandwidth_txy_eV": 2.3268
}