{
  "source": "forge-daemon-poles+hubbard+hr-anisotropy",
  "temperature_K": [
    0.5,
    2.0,
    5.0,
    10.0,
    20.0,
    40.0,
    80.0,
    120.0,
    160.0,
    200.0
  ],
  "rho_s": [
    0.0007683981109658958,
    0.0007682083032584396,
    0.0007678286185276095,
    0.0007671956050494698,
    0.0007659288056007217,
    0.0007633921048687637,
    0.0007583062001161486,
    0.0007532034386036437,
    0.0007480835928697697,
    0.000742946430020782
  ],
  "T_c_estimate_K": 4069.286742643794,
  "rho_s_at_zero": 0.0007684613750699998,
  "delta_gap_eV": 0.6152,
  "bandwidth_txy_eV": 0.6155999999999999
}