{
  "E_k_eV": [
    3.7534376329326684,
    3.6047726727573126,
    5.185802475924573,
    5.022351962540734,
    3.9612704829966376,
    4.605775512817924
  ],
  "J_BKT": 0.1043460184219891,
  "L_best": 0.1043460184219891,
  "Mu_eV": -0.6095136536643684,
  "U_eV": 1.9002021208964288,
  "V_k_eV": [
    0.23360471111417158,
    0.48384525531496453,
    -0.14409409026388276,
    -0.8530846064676456,
    -0.13474351363587103,
    0.1433522428978509
  ],
  "config": {
    "delta_mu": 0.05,
    "gamma": 0.08,
    "lambda_penalty": 10.0,
    "n_steps": 50,
    "seed": 42,
    "t_end": 0.001,
    "t_start": 1.0,
    "v_max": 1.5
  },
  "forge_calls": 103,
  "manifold": "Theta14 = [U, mu, V0..V5, E0..E5] · BKT dSigma/dmu",
  "sigma_iwn": -0.800152100632687,
  "theta_labels": [
    "U",
    "mu",
    "V0",
    "V1",
    "V2",
    "V3",
    "V4",
    "V5",
    "E0",
    "E1",
    "E2",
    "E3",
    "E4",
    "E5"
  ],
  "theta_star": [
    1.9002021208964288,
    -0.6095136536643684,
    0.23360471111417158,
    0.48384525531496453,
    -0.14409409026388276,
    -0.8530846064676456,
    -0.13474351363587103,
    0.1433522428978509,
    3.7534376329326684,
    3.6047726727573126,
    5.185802475924573,
    5.022351962540734,
    3.9612704829966376,
    4.605775512817924
  ]
}