{
  "source": "forge-daemon-poles+hubbard+hr-anisotropy",
  "temperature_K": [
    0.5,
    2.0,
    5.0,
    10.0,
    20.0,
    40.0,
    80.0,
    120.0,
    160.0,
    200.0
  ],
  "rho_s": [
    0.001229534967714393,
    0.0012286508049069735,
    0.0012268815383617816,
    0.00122392996440608,
    0.0012180162696175615,
    0.0012061462147555247,
    0.0011822314969395095,
    0.0011580760813652354,
    0.001133669895740382,
    0.0011090021052783533
  ],
  "T_c_estimate_K": 1398.3212246340995,
  "rho_s_at_zero": 0.001229829619062226,
  "delta_gap_eV": 0.2114,
  "bandwidth_txy_eV": 0.0
}