{
  "source": "wannier90_hr+forge-green-2D-london",
  "lambda_L_nm": 984493214.8651958,
  "superfluid_density_m2": 2913619865086221.5,
  "effective_mass_me": 100.0,
  "field_expulsion_fraction": 0.0,
  "pole_weight_sum": 17.65436,
  "sigma_iwn": -0.7670146144578572
}