{
  "manifold": "Theta14 = [U, mu, V0..V5, E0..E5] \u00b7 BKT dSigma/dmu",
  "theta_labels": [
    "U",
    "mu",
    "V0",
    "V1",
    "V2",
    "V3",
    "V4",
    "V5",
    "E0",
    "E1",
    "E2",
    "E3",
    "E4",
    "E5"
  ],
  "theta_star": [
    3.8755495328993765,
    -0.4388366217069234,
    -0.04188208060758651,
    -1.3145123180741765,
    0.09478067339495436,
    0.7231413650704344,
    -1.5389596252890998,
    1.3550190005679437,
    1.0382720448327418,
    5.739749749348254,
    2.350554954829216,
    3.2525984788318714,
    5.120228745296116,
    6.250370073219485
  ],
  "U_eV": 3.8755495328993765,
  "Mu_eV": -0.4388366217069234,
  "V_k_eV": [
    -0.04188208060758651,
    -1.3145123180741765,
    0.09478067339495436,
    0.7231413650704344,
    -1.5389596252890998,
    1.3550190005679437
  ],
  "E_k_eV": [
    1.0382720448327418,
    5.739749749348254,
    2.350554954829216,
    3.2525984788318714,
    5.120228745296116,
    6.250370073219485
  ],
  "sigma_iwn": -0.8024555013988169,
  "J_BKT": 0.4112754068914992,
  "L_best": 0.3960968828648286,
  "winning_walker": 2,
  "winning_seed": 19988
}