{
  "source": "forge-daemon+ED-6bath",
  "pole_weights": [
    0.4090533333333333,
    1.5290083333333333,
    2.4560041666666668,
    3.365314166666667,
    4.463933333333333,
    5.431046666666667
  ],
  "sigma_iwn": -0.7670146144578572,
  "U_eV": 2.5,
  "Mu_eV": -1.2,
  "V_k_eV": [
    0.1732,
    0.1582,
    0.1232,
    0.116,
    0.1022,
    0.098
  ],
  "E_k_eV": [
    2.4689,
    5.168,
    4.5685,
    2.8987,
    4.9865,
    4.0916
  ]
}