{
  "source": "wannier90_hr+forge-green-2D-london",
  "lambda_L_nm": 1747048976.577421,
  "superfluid_density_m2": 925226757176732.8,
  "effective_mass_me": 100.0,
  "field_expulsion_fraction": 0.0,
  "pole_weight_sum": 17.026163750000002,
  "sigma_iwn": -0.754745651422968
}