{
  "manifold": "Theta14 = [U, mu, V0..V5, E0..E5] \u00b7 BKT dSigma/dmu",
  "theta_labels": [
    "U",
    "mu",
    "V0",
    "V1",
    "V2",
    "V3",
    "V4",
    "V5",
    "E0",
    "E1",
    "E2",
    "E3",
    "E4",
    "E5"
  ],
  "theta_star": [
    4.63014800732807,
    -0.37343466658763913,
    0.8515792348394902,
    0.07509336941363252,
    -0.9757546802063187,
    -1.4471569886831093,
    1.422215529908939,
    -0.45339778855929647,
    6.972279768297812,
    0.1938062241981106,
    5.461287433771698,
    3.5576053208491856,
    4.929313941967165,
    4.879378353106334
  ],
  "U_eV": 4.63014800732807,
  "Mu_eV": -0.37343466658763913,
  "V_k_eV": [
    0.8515792348394902,
    0.07509336941363252,
    -0.9757546802063187,
    -1.4471569886831093,
    1.422215529908939,
    -0.45339778855929647
  ],
  "E_k_eV": [
    6.972279768297812,
    0.1938062241981106,
    5.461287433771698,
    3.5576053208491856,
    4.929313941967165,
    4.879378353106334
  ],
  "sigma_iwn": -0.8292163125606327,
  "J_BKT": 0.2647550447218472,
  "L_best": 0.2647550447218472,
  "winning_walker": 3,
  "winning_seed": 29961
}