{
  "source": "forge-daemon+ED-6bath",
  "pole_weights": [
    0.4185084375,
    1.2604461458333334,
    2.4038157291666664,
    3.2732297916666666,
    4.3435761458333335,
    5.3265875000000005
  ],
  "sigma_iwn": -0.754745651422968,
  "U_eV": 2.5,
  "Mu_eV": -1.2,
  "V_k_eV": [
    0.0977,
    0.0722,
    0.0705,
    0.0697,
    0.0668,
    0.0654
  ],
  "E_k_eV": [
    5.1722,
    2.6131,
    5.3302,
    2.8727,
    4.3837,
    4.118
  ]
}