{
  "source": "forge-daemon-poles+hubbard+hr-anisotropy",
  "temperature_K": [
    0.5,
    2.0,
    5.0,
    10.0,
    20.0,
    40.0,
    80.0,
    120.0,
    160.0,
    200.0
  ],
  "rho_s": [
    0.00036989883073499,
    0.000369322919925905,
    0.0003681697689315946,
    0.00036624388576914963,
    0.00036237706362776754,
    0.0003545816839966387,
    0.00033873098548774266,
    0.0003225060755452137,
    0.00030586857285742,
    0.0002887726161008993
  ],
  "T_c_estimate_K": 646.2440096818899,
  "rho_s_at_zero": 0.00037009070287069313,
  "delta_gap_eV": 0.0977,
  "bandwidth_txy_eV": 0.0
}