{
  "manifold": "Theta14 = [U, mu, V0..V5, E0..E5] \u00b7 BKT dSigma/dmu",
  "theta_labels": [
    "U",
    "mu",
    "V0",
    "V1",
    "V2",
    "V3",
    "V4",
    "V5",
    "E0",
    "E1",
    "E2",
    "E3",
    "E4",
    "E5"
  ],
  "theta_star": [
    2.6013691582099896,
    -1.1537508299322197,
    0.23801443228573613,
    0.8720810423544986,
    0.95814549507148,
    0.9003335737631641,
    -0.6866342730959208,
    0.8348153954016583,
    4.399607021250074,
    5.051398412866381,
    3.127170923849108,
    4.12891604558405,
    5.049188528301483,
    6.182680919180785
  ],
  "U_eV": 2.6013691582099896,
  "Mu_eV": -1.1537508299322197,
  "V_k_eV": [
    0.23801443228573613,
    0.8720810423544986,
    0.95814549507148,
    0.9003335737631641,
    -0.6866342730959208,
    0.8348153954016583
  ],
  "E_k_eV": [
    4.399607021250074,
    5.051398412866381,
    3.127170923849108,
    4.12891604558405,
    5.049188528301483,
    6.182680919180785
  ],
  "sigma_iwn": -0.8261230253591723,
  "J_BKT": 0.2148258808986614,
  "L_best": 0.2148258808986614,
  "winning_walker": 1,
  "winning_seed": 10015
}