{
  "manifold": "Theta14 = [U, mu, V0..V5, E0..E5] \u00b7 BKT dSigma/dmu",
  "theta_labels": [
    "U",
    "mu",
    "V0",
    "V1",
    "V2",
    "V3",
    "V4",
    "V5",
    "E0",
    "E1",
    "E2",
    "E3",
    "E4",
    "E5"
  ],
  "theta_star": [
    4.442011497717686,
    -0.06711154229603426,
    0.6815743691470468,
    0.02759201772669792,
    -1.0237644076682764,
    -0.9997486202001126,
    1.4910186844840874,
    -0.06309579427053177,
    6.274104738779292,
    2.9571931940567224,
    3.5587552977680503,
    5.396380360537626,
    4.835750969609969,
    5.746896696793864
  ],
  "U_eV": 4.442011497717686,
  "Mu_eV": -0.06711154229603426,
  "V_k_eV": [
    0.6815743691470468,
    0.02759201772669792,
    -1.0237644076682764,
    -0.9997486202001126,
    1.4910186844840874,
    -0.06309579427053177
  ],
  "E_k_eV": [
    6.274104738779292,
    2.9571931940567224,
    3.5587552977680503,
    5.396380360537626,
    4.835750969609969,
    5.746896696793864
  ],
  "sigma_iwn": -0.8353275697541818,
  "J_BKT": 0.322492788204527,
  "L_best": 0.322492788204527,
  "winning_walker": 3,
  "winning_seed": 29961
}