{"U":1.7721179787326728,"Mu":-0.6797134353525335,"V_k":[0.264399, 0.508264, -0.179254, -0.937821, 0.124215, -0.091422],"E_k":[3.943814, 4.599494, 4.011342, 4.113764, 5.612181, 5.422966]}
