{
  "manifold": "Theta14 = [U, mu, V0..V5, E0..E5] \u00b7 BKT dSigma/dmu",
  "theta_labels": [
    "U",
    "mu",
    "V0",
    "V1",
    "V2",
    "V3",
    "V4",
    "V5",
    "E0",
    "E1",
    "E2",
    "E3",
    "E4",
    "E5"
  ],
  "theta_star": [
    3.9290181554970065,
    -1.9410446887232666,
    0.11734939633887423,
    -1.1338365931386805,
    0.6663139814753554,
    0.39277750444494164,
    -0.778082217778987,
    0.5311450255922355,
    3.0446214246965195,
    2.4454697170729665,
    2.137912388180891,
    4.148446508946467,
    2.2687373014518872,
    5.942950670068583
  ],
  "U_eV": 3.9290181554970065,
  "Mu_eV": -1.9410446887232666,
  "V_k_eV": [
    0.11734939633887423,
    -1.1338365931386805,
    0.6663139814753554,
    0.39277750444494164,
    -0.778082217778987,
    0.5311450255922355
  ],
  "E_k_eV": [
    3.0446214246965195,
    2.4454697170729665,
    2.137912388180891,
    4.148446508946467,
    2.2687373014518872,
    5.942950670068583
  ],
  "sigma_iwn": -0.8345316252861683,
  "J_BKT": 0.24488311966517684,
  "L_best": 0.24488311966517684,
  "winning_walker": 2,
  "winning_seed": 19988
}