{
  "source": "forge-daemon+ED-6bath",
  "pole_weights": [
    0.4504402083333333,
    1.3492425,
    2.3325392708333332,
    3.3870352083333333,
    4.2712915625,
    5.384708854166667
  ],
  "sigma_iwn": -0.7616741797804647,
  "U_eV": 2.5,
  "Mu_eV": -1.2,
  "V_k_eV": [
    0.2143,
    0.131,
    0.082,
    0.0761,
    0.0487,
    0.0472
  ],
  "E_k_eV": [
    3.0997,
    2.8666,
    3.2004,
    4.5956,
    2.7663,
    5.1895
  ]
}