{
  "source": "forge-daemon-poles+hubbard+hr-anisotropy",
  "temperature_K": [
    0.5,
    2.0,
    5.0,
    10.0,
    20.0,
    40.0,
    80.0,
    120.0,
    160.0,
    200.0
  ],
  "rho_s": [
    0.000685246222591729,
    0.0006847601314846297,
    0.0006837874389846679,
    0.0006821647683460579,
    0.0006789137079645742,
    0.000672388455284705,
    0.0006592433124941994,
    0.0006459677734995906,
    0.0006325564628440551,
    0.0006190036043829557
  ],
  "T_c_estimate_K": 1417.503493089345,
  "rho_s_at_zero": 0.0006854082152209696,
  "delta_gap_eV": 0.21430000000000002,
  "bandwidth_txy_eV": 0.0
}