{
  "source": "forge-daemon+ED-6bath",
  "pole_weights": [
    0.7465312499999999,
    1.1345375,
    2.5834625,
    3.5834625,
    4.59308125,
    5.6091125
  ],
  "sigma_iwn": -0.7712679467176801,
  "U_eV": 2.5,
  "Mu_eV": -1.2,
  "V_k_eV": [
    0.6152,
    0.0,
    0.0001,
    0.0001,
    0.0001,
    0.0001
  ],
  "E_k_eV": [
    -1.28,
    -1.28,
    10.0,
    10.0,
    10.0,
    10.0
  ]
}