{
  "E_k_eV": [
    4.322096806057022,
    4.712229004062733,
    3.690347138097867,
    3.9610871176667817,
    5.087580987212147,
    5.375885231965803
  ],
  "J_BKT": 0.07017709945168038,
  "L_best": 0.07017709945168038,
  "Mu_eV": -1.18936495024047,
  "U_eV": 2.505554233468957,
  "V_k_eV": [
    0.4289061085899163,
    0.2332759297287207,
    0.1372620123331573,
    0.16576878358607455,
    0.1896138490509466,
    0.2911133805889325
  ],
  "config": {
    "delta_mu": 0.05,
    "gamma": 0.08,
    "lambda_penalty": 10.0,
    "n_steps": 30,
    "seed": 42,
    "t_end": 0.001,
    "t_start": 1.0,
    "v_max": 1.5
  },
  "forge_calls": 63,
  "manifold": "Theta14 = [U, mu, V0..V5, E0..E5] · BKT dSigma/dmu",
  "sigma_iwn": -0.8069797109084356,
  "theta_labels": [
    "U",
    "mu",
    "V0",
    "V1",
    "V2",
    "V3",
    "V4",
    "V5",
    "E0",
    "E1",
    "E2",
    "E3",
    "E4",
    "E5"
  ],
  "theta_star": [
    2.505554233468957,
    -1.18936495024047,
    0.4289061085899163,
    0.2332759297287207,
    0.1372620123331573,
    0.16576878358607455,
    0.1896138490509466,
    0.2911133805889325,
    4.322096806057022,
    4.712229004062733,
    3.690347138097867,
    3.9610871176667817,
    5.087580987212147,
    5.375885231965803
  ]
}