{"U":2.6013691582099896,"Mu":-1.1537508299322197,"V_k":[0.238014, 0.872081, 0.958145, 0.900334, -0.686634, 0.834815],"E_k":[4.399607, 5.051398, 3.127171, 4.128916, 5.049189, 6.182681]}
