{"U":5.050219979158522,"Mu":0.1125,"V_k":[0.078004, 0.609337, 0.026468, 0.359681, 0.983783, -0.053797],"E_k":[3.137481, 2.284722, 4.065799, 1.022949, 5.054756, 7.791739]}
