{
  "source": "forge-daemon+ED-6bath",
  "pole_weights": [
    0.844823125,
    1.712133125,
    2.554444375,
    3.5605584375,
    4.660065,
    5.631164375
  ],
  "sigma_iwn": -0.810267485063819,
  "U_eV": 2.5,
  "Mu_eV": -1.2,
  "V_k_eV": [
    0.4079,
    0.2513,
    0.1904,
    0.183,
    0.1741,
    0.173
  ],
  "E_k_eV": [
    4.4269,
    4.9051,
    3.5442,
    3.9582,
    5.1203,
    5.4266
  ]
}