{
  "source": "forge-daemon-poles+hubbard+hr-anisotropy",
  "temperature_K": [
    0.5,
    2.0,
    5.0,
    10.0,
    20.0,
    40.0,
    80.0,
    120.0,
    160.0,
    200.0
  ],
  "rho_s": [
    0.004010368236767429,
    0.004008874015253987,
    0.004005884748933227,
    0.004000900195191795,
    0.003990921898443671,
    0.003970928334265012,
    0.003930791585910199,
    0.003890451953765951,
    0.0038499052401586324,
    0.003809147092854101
  ],
  "T_c_estimate_K": 2698.0852768602135,
  "rho_s_at_zero": 0.004010866249670634,
  "delta_gap_eV": 0.4079,
  "bandwidth_txy_eV": 1.3797
}