{"U":2.441291818990309,"Mu":0,"V_k":[0.234207, 0.095462, 0.116157, 0.148324, 0.111926, 0.21374],"E_k":[4.091806, 3.447362, 5.176156, 4.894784, 3.519418, 4.592932]}
