{"U":2.505554233468957,"Mu":-1.18936495024047,"V_k":[0.428906, 0.233276, 0.137262, 0.165769, 0.189614, 0.291113],"E_k":[4.322097, 4.712229, 3.690347, 3.961087, 5.087581, 5.375885]}
