{
  "E_k_eV": [
    3.137481443708518,
    2.2847224054296453,
    4.065799265115059,
    1.0229488704422185,
    5.054756247884201,
    7.7917390158313475
  ],
  "J_BKT": 0.353557667669564,
  "L_best": 0.353557667669564,
  "Mu_eV": 0.41320653970236604,
  "U_eV": 5.050219979158522,
  "V_k_eV": [
    0.0780036457941791,
    0.6093372554269384,
    0.026468001546619963,
    0.3596813380058736,
    0.9837829127533433,
    -0.05379650422963514
  ],
  "config": {
    "delta_mu": 0.05,
    "gamma": 0.08,
    "lambda_penalty": 10.0,
    "n_steps": 2000,
    "seed": 42,
    "t_end": 0.001,
    "t_start": 1.0,
    "v_max": 1.5
  },
  "forge_calls": 4003,
  "manifold": "Theta14 = [U, mu, V0..V5, E0..E5] · BKT dSigma/dmu",
  "sigma_iwn": -0.7981609082025751,
  "theta_labels": [
    "U",
    "mu",
    "V0",
    "V1",
    "V2",
    "V3",
    "V4",
    "V5",
    "E0",
    "E1",
    "E2",
    "E3",
    "E4",
    "E5"
  ],
  "theta_star": [
    5.050219979158522,
    0.41320653970236604,
    0.0780036457941791,
    0.6093372554269384,
    0.026468001546619963,
    0.3596813380058736,
    0.9837829127533433,
    -0.05379650422963514,
    3.137481443708518,
    2.2847224054296453,
    4.065799265115059,
    1.0229488704422185,
    5.054756247884201,
    7.7917390158313475
  ]
}