{"U":2.0480616353294208,"Mu":-1.0056775241453924,"V_k":[0.012302, 0.992915, 0.539453, -0.78172, 0.357681, -0.082707],"E_k":[4.013758, 4.644114, 4.117872, 4.456399, 4.884275, 4.918671]}
