{
  "manifold": "Theta14 = [U, mu, V0..V5, E0..E5] \u00b7 BKT dSigma/dmu",
  "theta_labels": [
    "U",
    "mu",
    "V0",
    "V1",
    "V2",
    "V3",
    "V4",
    "V5",
    "E0",
    "E1",
    "E2",
    "E3",
    "E4",
    "E5"
  ],
  "theta_star": [
    3.714847442722178,
    -0.505695821710566,
    0.8975226043756696,
    0.03569865135955179,
    -1.131957611070986,
    -0.8786146607956291,
    -0.07966078981398572,
    -0.8049184367446895,
    6.23334274610432,
    3.0294839440670094,
    3.861219989997454,
    6.769480115730167,
    4.068779216478302,
    5.258927112884685
  ],
  "U_eV": 3.714847442722178,
  "Mu_eV": -0.505695821710566,
  "V_k_eV": [
    0.8975226043756696,
    0.03569865135955179,
    -1.131957611070986,
    -0.8786146607956291,
    -0.07966078981398572,
    -0.8049184367446895
  ],
  "E_k_eV": [
    6.23334274610432,
    3.0294839440670094,
    3.861219989997454,
    6.769480115730167,
    4.068779216478302,
    5.258927112884685
  ],
  "sigma_iwn": -0.851754329339293,
  "J_BKT": 0.26441044051723317,
  "L_best": 0.26441044051723317,
  "winning_walker": 3,
  "winning_seed": 29961
}