{
  "manifold": "Theta14 = [U, mu, V0..V5, E0..E5] \u00b7 BKT dSigma/dmu",
  "theta_labels": [
    "U",
    "mu",
    "V0",
    "V1",
    "V2",
    "V3",
    "V4",
    "V5",
    "E0",
    "E1",
    "E2",
    "E3",
    "E4",
    "E5"
  ],
  "theta_star": [
    3.7185527197439057,
    -0.3499853698615716,
    0.5015092283803401,
    -0.13628160284490792,
    -1.5201548409180694,
    -0.8191295612890088,
    -0.44593283588404037,
    -1.2231558103376838,
    6.179702093011074,
    1.681963572794006,
    5.0872353985821634,
    7.726822468728724,
    2.617557081831757,
    4.786730839077628
  ],
  "U_eV": 3.7185527197439057,
  "Mu_eV": -0.3499853698615716,
  "V_k_eV": [
    0.5015092283803401,
    -0.13628160284490792,
    -1.5201548409180694,
    -0.8191295612890088,
    -0.44593283588404037,
    -1.2231558103376838
  ],
  "E_k_eV": [
    6.179702093011074,
    1.681963572794006,
    5.0872353985821634,
    7.726822468728724,
    2.617557081831757,
    4.786730839077628
  ],
  "sigma_iwn": -0.8167903724090396,
  "J_BKT": 0.3459222751408886,
  "L_best": 0.3418600990165617,
  "winning_walker": 3,
  "winning_seed": 29961
}