{
  "source": "forge-daemon+ED-6bath",
  "pole_weights": [
    0.5364597916666667,
    1.4610797916666667,
    2.4679886458333335,
    3.470394375,
    4.3596579166666665,
    5.4260425
  ],
  "sigma_iwn": -0.7765313673871893,
  "U_eV": 2.5,
  "Mu_eV": -1.2,
  "V_k_eV": [
    0.2114,
    0.1698,
    0.1128,
    0.1045,
    0.0972,
    0.0946
  ],
  "E_k_eV": [
    4.3608,
    3.6852,
    5.0457,
    4.8482,
    3.6027,
    4.6531
  ]
}