{
  "ts": 1781630275,
  "manifold": "Theta14 eval-only · BKT dSigma/dmu",
  "theta_labels": [
    "U",
    "mu",
    "V0",
    "V1",
    "V2",
    "V3",
    "V4",
    "V5",
    "E0",
    "E1",
    "E2",
    "E3",
    "E4",
    "E5"
  ],
  "config": {
    "delta_mu": 0.05,
    "v_max": 1.5,
    "lambda_penalty": 10.0,
    "gamma": 0.08,
    "t_start": 1.0,
    "t_end": 0.001,
    "n_steps": 0,
    "seed": 42
  },
  "theta_init": [
    5.050219979158522,
    0.0,
    0.0780036457941791,
    0.6093372554269384,
    0.026468001546619963,
    0.3596813380058736,
    0.9837829127533432,
    -0.05379650422963514,
    3.137481443708518,
    2.2847224054296453,
    4.065799265115059,
    1.0229488704422185,
    5.054756247884201,
    7.7917390158313475
  ],
  "theta_best": [
    5.050219979158522,
    0.0,
    0.0780036457941791,
    0.6093372554269384,
    0.026468001546619963,
    0.3596813380058736,
    0.9837829127533432,
    -0.05379650422963514,
    3.137481443708518,
    2.2847224054296453,
    4.065799265115059,
    1.0229488704422185,
    5.054756247884201,
    7.7917390158313475
  ],
  "sigma_at_best": -0.81264002296477,
  "l_init": 0.005535351072586403,
  "j_init": 0.005535351072586403,
  "l_best": 0.005535351072586403,
  "j_best": 0.005535351072586403,
  "accepts": 0,
  "proposals": 0,
  "steps": 0,
  "forge_calls": 3,
  "forge_failures": 0,
  "elapsed_ms": 19,
  "mass_production_ready": true,
  "limitation": "eval-only — 未执行 Metropolis 退火",
  "trace": []
}