{
  "ts": 1782401656,
  "manifold": "Theta14 eval-only · BKT dSigma/dmu",
  "theta_labels": [
    "U",
    "mu",
    "V0",
    "V1",
    "V2",
    "V3",
    "V4",
    "V5",
    "E0",
    "E1",
    "E2",
    "E3",
    "E4",
    "E5"
  ],
  "config": {
    "delta_mu": 0.05,
    "v_max": 1.5,
    "lambda_penalty": 10.0,
    "gamma": 0.08,
    "t_start": 1.0,
    "t_end": 0.001,
    "n_steps": 0,
    "seed": 42
  },
  "theta_init": [
    1.7721179787326728,
    -0.6797134353525335,
    0.26439882464616077,
    0.5082643584433377,
    -0.17925432221646906,
    -0.9378205133212724,
    0.1242154482740328,
    -0.09142232031963274,
    3.9438143027938057,
    4.599493933831324,
    4.011341854343094,
    4.113763770911894,
    5.612180667524653,
    5.422966173136681
  ],
  "theta_best": [
    1.7721179787326728,
    -0.6797134353525335,
    0.26439882464616077,
    0.5082643584433377,
    -0.17925432221646906,
    -0.9378205133212724,
    0.1242154482740328,
    -0.09142232031963274,
    3.9438143027938057,
    4.599493933831324,
    4.011341854343094,
    4.113763770911894,
    5.612180667524653,
    5.422966173136681
  ],
  "sigma_at_best": -0.8008232114962511,
  "l_init": 0.10219776623748178,
  "j_init": 0.10219776623748178,
  "l_best": 0.10219776623748178,
  "j_best": 0.10219776623748178,
  "accepts": 0,
  "proposals": 0,
  "steps": 0,
  "forge_calls": 3,
  "forge_failures": 0,
  "elapsed_ms": 45,
  "mass_production_ready": true,
  "limitation": "eval-only — 未执行 Metropolis 退火",
  "trace": []
}