{
  "ts": 1782401643,
  "manifold": "Theta14 eval-only · BKT dSigma/dmu",
  "theta_labels": [
    "U",
    "mu",
    "V0",
    "V1",
    "V2",
    "V3",
    "V4",
    "V5",
    "E0",
    "E1",
    "E2",
    "E3",
    "E4",
    "E5"
  ],
  "config": {
    "delta_mu": 0.05,
    "v_max": 1.5,
    "lambda_penalty": 10.0,
    "gamma": 0.08,
    "t_start": 1.0,
    "t_end": 0.001,
    "n_steps": 0,
    "seed": 42
  },
  "theta_init": [
    1.9002021208964288,
    -0.6095136536643684,
    0.2336047111141716,
    0.4838452553149646,
    -0.14409409026388276,
    -0.8530846064676456,
    -0.13474351363587103,
    0.1433522428978509,
    3.753437632932669,
    3.6047726727573126,
    5.185802475924573,
    5.022351962540734,
    3.9612704829966376,
    4.605775512817924
  ],
  "theta_best": [
    1.9002021208964288,
    -0.6095136536643684,
    0.2336047111141716,
    0.4838452553149646,
    -0.14409409026388276,
    -0.8530846064676456,
    -0.13474351363587103,
    0.1433522428978509,
    3.753437632932669,
    3.6047726727573126,
    5.185802475924573,
    5.022351962540734,
    3.9612704829966376,
    4.605775512817924
  ],
  "sigma_at_best": -0.800152100632687,
  "l_init": 0.1043460184219891,
  "j_init": 0.1043460184219891,
  "l_best": 0.1043460184219891,
  "j_best": 0.1043460184219891,
  "accepts": 0,
  "proposals": 0,
  "steps": 0,
  "forge_calls": 3,
  "forge_failures": 0,
  "elapsed_ms": 147,
  "mass_production_ready": true,
  "limitation": "eval-only — 未执行 Metropolis 退火",
  "trace": []
}