{
  "ts": 1782312262,
  "manifold": "Theta14 eval-only · BKT dSigma/dmu",
  "theta_labels": [
    "U",
    "mu",
    "V0",
    "V1",
    "V2",
    "V3",
    "V4",
    "V5",
    "E0",
    "E1",
    "E2",
    "E3",
    "E4",
    "E5"
  ],
  "config": {
    "delta_mu": 0.05,
    "v_max": 1.5,
    "lambda_penalty": 10.0,
    "gamma": 0.08,
    "t_start": 1.0,
    "t_end": 0.001,
    "n_steps": 0,
    "seed": 42
  },
  "theta_init": [
    2.6013691582099896,
    -1.1537508299322197,
    0.23801443228573613,
    0.8720810423544986,
    0.95814549507148,
    0.9003335737631641,
    -0.6866342730959208,
    0.8348153954016583,
    4.399607021250074,
    5.051398412866381,
    3.127170923849108,
    4.12891604558405,
    5.049188528301483,
    6.182680919180785
  ],
  "theta_best": [
    2.6013691582099896,
    -1.1537508299322197,
    0.23801443228573613,
    0.8720810423544986,
    0.95814549507148,
    0.9003335737631641,
    -0.6866342730959208,
    0.8348153954016583,
    4.399607021250074,
    5.051398412866381,
    3.127170923849108,
    4.12891604558405,
    5.049188528301483,
    6.182680919180785
  ],
  "sigma_at_best": -0.8261230253591723,
  "l_init": 0.2148258808986614,
  "j_init": 0.2148258808986614,
  "l_best": 0.2148258808986614,
  "j_best": 0.2148258808986614,
  "accepts": 0,
  "proposals": 0,
  "steps": 0,
  "forge_calls": 3,
  "forge_failures": 0,
  "elapsed_ms": 98,
  "mass_production_ready": true,
  "limitation": "eval-only — 未执行 Metropolis 退火",
  "trace": []
}