{
  "ts": 1782110639,
  "manifold": "Theta14 eval-only · BKT dSigma/dmu",
  "theta_labels": [
    "U",
    "mu",
    "V0",
    "V1",
    "V2",
    "V3",
    "V4",
    "V5",
    "E0",
    "E1",
    "E2",
    "E3",
    "E4",
    "E5"
  ],
  "config": {
    "delta_mu": 0.05,
    "v_max": 1.5,
    "lambda_penalty": 10.0,
    "gamma": 0.08,
    "t_start": 1.0,
    "t_end": 0.001,
    "n_steps": 0,
    "seed": 42
  },
  "theta_init": [
    2.441291818990309,
    0.0,
    0.23420660959479644,
    0.09546191849481182,
    0.1161571913548475,
    0.14832385923421462,
    0.11192578851670872,
    0.2137401512520155,
    4.091805739443395,
    3.4473618812538915,
    5.176156323624389,
    4.894783750179876,
    3.519418346668428,
    4.5929323434133185
  ],
  "theta_best": [
    2.441291818990309,
    0.0,
    0.23420660959479644,
    0.09546191849481182,
    0.1161571913548475,
    0.14832385923421462,
    0.11192578851670872,
    0.2137401512520155,
    4.091805739443395,
    3.4473618812538915,
    5.176156323624389,
    4.894783750179876,
    3.519418346668428,
    4.5929323434133185
  ],
  "sigma_at_best": -0.7722497368565291,
  "l_init": 0.007738872203955083,
  "j_init": 0.007738872203955083,
  "l_best": 0.007738872203955083,
  "j_best": 0.007738872203955083,
  "accepts": 0,
  "proposals": 0,
  "steps": 0,
  "forge_calls": 3,
  "forge_failures": 0,
  "elapsed_ms": 24,
  "mass_production_ready": true,
  "limitation": "eval-only — 未执行 Metropolis 退火",
  "trace": []
}