{
  "ts": 1782401643,
  "manifold": "Theta14 eval-only · BKT dSigma/dmu",
  "theta_labels": [
    "U",
    "mu",
    "V0",
    "V1",
    "V2",
    "V3",
    "V4",
    "V5",
    "E0",
    "E1",
    "E2",
    "E3",
    "E4",
    "E5"
  ],
  "config": {
    "delta_mu": 0.05,
    "v_max": 1.5,
    "lambda_penalty": 10.0,
    "gamma": 0.08,
    "t_start": 1.0,
    "t_end": 0.001,
    "n_steps": 0,
    "seed": 42
  },
  "theta_init": [
    2.0480616353294208,
    -1.0056775241453924,
    0.012302476430350696,
    0.992915419867418,
    0.5394525241074319,
    -0.7817197448059983,
    0.35768149662594856,
    -0.0827074087246249,
    4.013758454576956,
    4.644114343422645,
    4.117872297207862,
    4.456398563585902,
    4.884275007107461,
    4.918671034100602
  ],
  "theta_best": [
    2.0480616353294208,
    -1.0056775241453924,
    0.012302476430350696,
    0.992915419867418,
    0.5394525241074319,
    -0.7817197448059983,
    0.35768149662594856,
    -0.0827074087246249,
    4.013758454576956,
    4.644114343422645,
    4.117872297207862,
    4.456398563585902,
    4.884275007107461,
    4.918671034100602
  ],
  "sigma_at_best": -0.8034936898690082,
  "l_init": 0.17955694658801202,
  "j_init": 0.17955694658801202,
  "l_best": 0.17955694658801202,
  "j_best": 0.17955694658801202,
  "accepts": 0,
  "proposals": 0,
  "steps": 0,
  "forge_calls": 3,
  "forge_failures": 0,
  "elapsed_ms": 233,
  "mass_production_ready": true,
  "limitation": "eval-only — 未执行 Metropolis 退火",
  "trace": []
}