{
  "ts": 1782387599,
  "manifold": "Theta14 eval-only · BKT dSigma/dmu",
  "theta_labels": [
    "U",
    "mu",
    "V0",
    "V1",
    "V2",
    "V3",
    "V4",
    "V5",
    "E0",
    "E1",
    "E2",
    "E3",
    "E4",
    "E5"
  ],
  "config": {
    "delta_mu": 0.05,
    "v_max": 1.5,
    "lambda_penalty": 10.0,
    "gamma": 0.08,
    "t_start": 1.0,
    "t_end": 0.001,
    "n_steps": 0,
    "seed": 42
  },
  "theta_init": [
    2.505554233468957,
    -1.18936495024047,
    0.4289061085899163,
    0.2332759297287207,
    0.1372620123331573,
    0.16576878358607455,
    0.1896138490509466,
    0.2911133805889325,
    4.322096806057022,
    4.712229004062733,
    3.690347138097867,
    3.9610871176667817,
    5.087580987212147,
    5.375885231965803
  ],
  "theta_best": [
    2.505554233468957,
    -1.18936495024047,
    0.4289061085899163,
    0.2332759297287207,
    0.1372620123331573,
    0.16576878358607455,
    0.1896138490509466,
    0.2911133805889325,
    4.322096806057022,
    4.712229004062733,
    3.690347138097867,
    3.9610871176667817,
    5.087580987212147,
    5.375885231965803
  ],
  "sigma_at_best": -0.8069797109084356,
  "l_init": 0.07017709945168038,
  "j_init": 0.07017709945168038,
  "l_best": 0.07017709945168038,
  "j_best": 0.07017709945168038,
  "accepts": 0,
  "proposals": 0,
  "steps": 0,
  "forge_calls": 3,
  "forge_failures": 0,
  "elapsed_ms": 2909,
  "mass_production_ready": true,
  "limitation": "eval-only — 未执行 Metropolis 退火",
  "trace": []
}