{
  "E_k_eV": [
    3.9438143027938053,
    4.599493933831324,
    4.011341854343094,
    4.113763770911894,
    5.612180667524653,
    5.422966173136681
  ],
  "J_BKT": 0.10219776623748178,
  "L_best": 0.10219776623748178,
  "Mu_eV": -0.6797134353525335,
  "U_eV": 1.7721179787326728,
  "V_k_eV": [
    0.26439882464616077,
    0.5082643584433377,
    -0.17925432221646906,
    -0.9378205133212724,
    0.1242154482740328,
    -0.09142232031963274
  ],
  "config": {
    "delta_mu": 0.05,
    "gamma": 0.08,
    "lambda_penalty": 10.0,
    "n_steps": 50,
    "seed": 42,
    "t_end": 0.001,
    "t_start": 1.0,
    "v_max": 1.5
  },
  "forge_calls": 103,
  "manifold": "Theta14 = [U, mu, V0..V5, E0..E5] · BKT dSigma/dmu",
  "sigma_iwn": -0.8008232114962511,
  "theta_labels": [
    "U",
    "mu",
    "V0",
    "V1",
    "V2",
    "V3",
    "V4",
    "V5",
    "E0",
    "E1",
    "E2",
    "E3",
    "E4",
    "E5"
  ],
  "theta_star": [
    1.7721179787326728,
    -0.6797134353525335,
    0.26439882464616077,
    0.5082643584433377,
    -0.17925432221646906,
    -0.9378205133212724,
    0.1242154482740328,
    -0.09142232031963274,
    3.9438143027938053,
    4.599493933831324,
    4.011341854343094,
    4.113763770911894,
    5.612180667524653,
    5.422966173136681
  ]
}