{
  "schema": "foliation.theta_blueprint.v1",
  "exported_at": "2026-06-24T13:43:19.542771+00:00",
  "run_id": "killer_20260624_112317",
  "run_dir": "/Users/shanyu/Desktop/foliation-pass-v1/artifacts/abinitio/runs/killer_20260624_112317",
  "formula": "MoS2",
  "theta_labels": [
    "U",
    "mu",
    "V0",
    "V1",
    "V2",
    "V3",
    "V4",
    "V5",
    "E0",
    "E1",
    "E2",
    "E3",
    "E4",
    "E5"
  ],
  "theta_star": [
    2.6013691582099896,
    -1.1537508299322197,
    0.23801443228573613,
    0.8720810423544986,
    0.95814549507148,
    0.9003335737631641,
    -0.6866342730959208,
    0.8348153954016583,
    4.399607021250074,
    5.051398412866381,
    3.127170923849108,
    4.12891604558405,
    5.049188528301483,
    6.182680919180785
  ],
  "sigma_iwn": -0.8261230253591723,
  "J_BKT": 0.2148258808986614,
  "L_best": 0.2148258808986614,
  "provenance": {
    "source_files": [
      "/Users/shanyu/Desktop/foliation-pass-v1/artifacts/abinitio/runs/killer_20260624_112317/fpu_feed/fpu_mcmc_theta_star.json"
    ],
    "sigma_iwn": -0.8261230253591723,
    "J_BKT": 0.2148258808986614,
    "L_best": 0.2148258808986614,
    "forge_calls": null,
    "manifold": "Theta14 = [U, mu, V0..V5, E0..E5] \u00b7 BKT dSigma/dmu"
  },
  "csv_row": {
    "U": 2.6013691582099896,
    "mu": -1.1537508299322197,
    "V0": 0.23801443228573613,
    "V1": 0.8720810423544986,
    "V2": 0.95814549507148,
    "V3": 0.9003335737631641,
    "V4": -0.6866342730959208,
    "V5": 0.8348153954016583,
    "E0": 4.399607021250074,
    "E1": 5.051398412866381,
    "E2": 3.127170923849108,
    "E3": 4.12891604558405,
    "E4": 5.049188528301483,
    "E5": 6.182680919180785,
    "sigma_iwn": -0.8261230253591723,
    "J_BKT": 0.2148258808986614,
    "L_best": 0.2148258808986614,
    "run_id": "killer_20260624_112317",
    "formula": "MoS2",
    "cif_path": "/Users/shanyu/Desktop/foliation-pass-v1/artifacts/abinitio/runs/killer_20260624_112317/candidate.cif",
    "provenance": "fpu_mcmc_theta_star.json"
  }
}