{
  "ts": 1781494498,
  "manifold": "Theta14 = [U, mu, V0..V5, E0..E5] · BKT dSigma/dmu",
  "theta_labels": [
    "U",
    "mu",
    "V0",
    "V1",
    "V2",
    "V3",
    "V4",
    "V5",
    "E0",
    "E1",
    "E2",
    "E3",
    "E4",
    "E5"
  ],
  "config": {
    "delta_mu": 0.05,
    "v_max": 1.5,
    "lambda_penalty": 10.0,
    "gamma": 0.08,
    "t_start": 1.0,
    "t_end": 0.001,
    "n_steps": 8,
    "seed": 42
  },
  "theta_init": [
    2.5,
    -1.2,
    0.2114,
    0.1698,
    0.1128,
    0.1045,
    0.0972,
    0.0946,
    4.3608,
    3.6852,
    5.0457,
    4.8482,
    3.6027,
    4.6531
  ],
  "theta_best": [
    2.4412918189903086,
    -1.2688525874575034,
    0.23420660959479644,
    0.09546191849481182,
    0.1161571913548475,
    0.14832385923421462,
    0.11192578851670873,
    0.21374015125201554,
    4.091805739443395,
    3.4473618812538915,
    5.176156323624389,
    4.894783750179876,
    3.519418346668428,
    4.5929323434133185
  ],
  "sigma_at_best": -0.7738358595254327,
  "l_init": 0.012068750303302345,
  "j_init": 0.012068750303302345,
  "l_best": 0.05298501139533229,
  "j_best": 0.05298501139533229,
  "accepts": 7,
  "proposals": 8,
  "steps": 8,
  "forge_calls": 19,
  "forge_failures": 0,
  "elapsed_ms": 62,
  "mass_production_ready": true,
  "limitation": "14D FPU 退火已接通 forge-daemon；批量 killer sweep 需 god_mode_mass_sweeper + firewall ALLOW",
  "trace": [
    {
      "step": 0,
      "temperature": 1.0,
      "l_old": 0.012068750303302345,
      "l_new": 0.036730863517815404,
      "j_new": 0.036730863517815404,
      "accepted": true,
      "alpha": 1.0,
      "theta": [
        2.505554233468957,
        -1.18936495024047,
        0.2324061085899163,
        0.15177592972872067,
        0.05966201233315729,
        0.08726878358607455,
        0.11271384905094661,
        0.21271338058893252,
        4.255996806057023,
        3.492329004062733,
        5.1918471380978675,
        4.851087117666782,
        3.5699809872121464,
        4.602385231965804
      ]
    },
    {
      "step": 1,
      "temperature": 0.8572857142857143,
      "l_old": 0.036730863517815404,
      "l_new": 0.05298501139533229,
      "j_new": 0.05298501139533229,
      "accepted": true,
      "alpha": 1.0,
      "theta": [
        2.4412918189903086,
        -1.2688525874575034,
        0.23420660959479644,
        0.09546191849481182,
        0.1161571913548475,
        0.14832385923421462,
        0.11192578851670873,
        0.21374015125201554,
        4.091805739443395,
        3.4473618812538915,
        5.176156323624389,
        4.894783750179876,
        3.519418346668428,
        4.5929323434133185
      ]
    },
    {
      "step": 2,
      "temperature": 0.7145714285714286,
      "l_old": 0.05298501139533229,
      "l_new": 0.013583465880785406,
      "j_new": 0.013583465880785406,
      "accepted": true,
      "alpha": 0.9463525474072043,
      "theta": [
        2.431388119052022,
        -1.2261026105272368,
        0.3192427579521995,
        0.25693227849166034,
        0.13867099168995356,
        0.05200957690404792,
        0.1263326941664363,
        0.19653079388882688,
        3.9732714431805087,
        3.426081369304699,
        5.266615251822596,
        4.940029825685061,
        3.5088482239550953,
        4.451162238726727
      ]
    },
    {
      "step": 3,
      "temperature": 0.5718571428571428,
      "l_old": 0.013583465880785406,
      "l_new": 0.03698330263819605,
      "j_new": 0.03698330263819605,
      "accepted": true,
      "alpha": 1.0,
      "theta": [
        2.3984393446381547,
        -1.2281103763653154,
        0.3840190351147142,
        0.38682120160256156,
        0.14814712085597567,
        0.10259635131442829,
        0.18622476587768655,
        0.22809426044395859,
        3.9069861791868292,
        3.41229953588053,
        5.238162947027981,
        4.865582624872924,
        3.410120200253804,
        4.483755991606802
      ]
    },
    {
      "step": 4,
      "temperature": 0.42914285714285716,
      "l_old": 0.03698330263819605,
      "l_new": 0.0068808811384524216,
      "j_new": 0.0068808811384524216,
      "accepted": true,
      "alpha": 0.9322582072843064,
      "theta": [
        2.486313618853891,
        -1.334056262838708,
        0.3712204702900077,
        0.3928308675382038,
        0.07230028697246274,
        0.03375668101915125,
        0.09537880276084057,
        0.23711164832500928,
        3.9528324516923496,
        3.336075390994386,
        5.232684489531281,
        4.879360586648858,
        3.5411062483522655,
        4.505544964907276
      ]
    },
    {
      "step": 5,
      "temperature": 0.28642857142857137,
      "l_old": 0.0068808811384524216,
      "l_new": 0.021328940669042007,
      "j_new": 0.021328940669042007,
      "accepted": true,
      "alpha": 1.0,
      "theta": [
        2.477114722999535,
        -1.2227796746540653,
        0.2837559306189472,
        0.39080098869363816,
        0.13903038260892603,
        -0.008670184872074056,
        0.04504003048709491,
        0.18541378237564968,
        4.026684743359255,
        3.4227262114941475,
        5.245682997473425,
        4.769593087423838,
        3.5124988855570525,
        4.53780531994903
      ]
    },
    {
      "step": 6,
      "temperature": 0.1437142857142858,
      "l_old": 0.021328940669042007,
      "l_new": 0.00790187547649368,
      "j_new": 0.00790187547649368,
      "accepted": true,
      "alpha": 0.9108027886398039,
      "theta": [
        2.4465378576817054,
        -1.0717366924953806,
        0.3113403633832289,
        0.4335429050992297,
        0.2140359264804197,
        -0.057220444897536284,
        -0.041946397028611464,
        0.32084832231654103,
        4.105581043203215,
        3.3857525953491687,
        5.213344557526323,
        4.6863279529812765,
        3.6341040508870623,
        4.622135018717995
      ]
    },
    {
      "step": 7,
      "temperature": 0.0010000000000000009,
      "l_old": 0.00790187547649368,
      "l_new": 0.004944171320574453,
      "j_new": 0.004944171320574453,
      "accepted": false,
      "alpha": 0.05193802199772696,
      "theta": [
        2.4465378576817054,
        -1.0717366924953806,
        0.3113403633832289,
        0.4335429050992297,
        0.2140359264804197,
        -0.057220444897536284,
        -0.041946397028611464,
        0.32084832231654103,
        4.105581043203215,
        3.3857525953491687,
        5.213344557526323,
        4.6863279529812765,
        3.6341040508870623,
        4.622135018717995
      ]
    }
  ]
}