{
  "schema": "foliation.theta_blueprint.v1",
  "exported_at": "2026-06-25T10:14:50.043486+00:00",
  "run_id": "killer_20260625_173803",
  "run_dir": "/Users/shanyu/Desktop/foliation-pass-v1/artifacts/abinitio/runs/killer_20260625_173803",
  "formula": "MoS2",
  "theta_labels": [
    "U",
    "mu",
    "V0",
    "V1",
    "V2",
    "V3",
    "V4",
    "V5",
    "E0",
    "E1",
    "E2",
    "E3",
    "E4",
    "E5"
  ],
  "theta_star": [
    2.0480616353294208,
    -1.0056775241453924,
    0.012302476430350696,
    0.9929154198674179,
    0.5394525241074319,
    -0.7817197448059983,
    0.35768149662594856,
    -0.0827074087246249,
    4.013758454576956,
    4.644114343422645,
    4.117872297207862,
    4.456398563585902,
    4.884275007107461,
    4.918671034100602
  ],
  "sigma_iwn": -0.8034936898690082,
  "J_BKT": 0.17955694658801202,
  "L_best": 0.17955694658801202,
  "provenance": {
    "source_files": [
      "/Users/shanyu/Desktop/foliation-pass-v1/artifacts/abinitio/runs/killer_20260625_173803/fpu_feed/fpu_mcmc_theta_star.json"
    ],
    "sigma_iwn": -0.8034936898690082,
    "J_BKT": 0.17955694658801202,
    "L_best": 0.17955694658801202,
    "forge_calls": 203,
    "manifold": "Theta14 = [U, mu, V0..V5, E0..E5] \u00b7 BKT dSigma/dmu"
  },
  "csv_row": {
    "U": 2.0480616353294208,
    "mu": -1.0056775241453924,
    "V0": 0.012302476430350696,
    "V1": 0.9929154198674179,
    "V2": 0.5394525241074319,
    "V3": -0.7817197448059983,
    "V4": 0.35768149662594856,
    "V5": -0.0827074087246249,
    "E0": 4.013758454576956,
    "E1": 4.644114343422645,
    "E2": 4.117872297207862,
    "E3": 4.456398563585902,
    "E4": 4.884275007107461,
    "E5": 4.918671034100602,
    "sigma_iwn": -0.8034936898690082,
    "J_BKT": 0.17955694658801202,
    "L_best": 0.17955694658801202,
    "run_id": "killer_20260625_173803",
    "formula": "MoS2",
    "cif_path": "/Users/shanyu/Desktop/foliation-pass-v1/artifacts/abinitio/runs/killer_20260625_173803/candidate.cif",
    "provenance": "fpu_mcmc_theta_star.json"
  }
}