{
  "schema": "foliation.theta_blueprint.v1",
  "exported_at": "2026-06-24T14:56:50.954078+00:00",
  "run_id": "killer_20260624_222331",
  "run_dir": "/Users/shanyu/Desktop/foliation-pass-v1/artifacts/abinitio/runs/killer_20260624_222331",
  "formula": "MoS2",
  "theta_labels": [
    "U",
    "mu",
    "V0",
    "V1",
    "V2",
    "V3",
    "V4",
    "V5",
    "E0",
    "E1",
    "E2",
    "E3",
    "E4",
    "E5"
  ],
  "theta_star": [
    1.7721179787326728,
    -0.6797134353525335,
    0.26439882464616077,
    0.5082643584433377,
    -0.17925432221646906,
    -0.9378205133212724,
    0.1242154482740328,
    -0.09142232031963274,
    3.9438143027938053,
    4.599493933831324,
    4.011341854343094,
    4.113763770911894,
    5.612180667524653,
    5.422966173136681
  ],
  "sigma_iwn": -0.8008232114962511,
  "J_BKT": 0.10219776623748178,
  "L_best": 0.10219776623748178,
  "provenance": {
    "source_files": [
      "/Users/shanyu/Desktop/foliation-pass-v1/artifacts/abinitio/runs/killer_20260624_222331/fpu_feed/fpu_mcmc_theta_star.json"
    ],
    "sigma_iwn": -0.8008232114962511,
    "J_BKT": 0.10219776623748178,
    "L_best": 0.10219776623748178,
    "forge_calls": 103,
    "manifold": "Theta14 = [U, mu, V0..V5, E0..E5] \u00b7 BKT dSigma/dmu"
  },
  "csv_row": {
    "U": 1.7721179787326728,
    "mu": -0.6797134353525335,
    "V0": 0.26439882464616077,
    "V1": 0.5082643584433377,
    "V2": -0.17925432221646906,
    "V3": -0.9378205133212724,
    "V4": 0.1242154482740328,
    "V5": -0.09142232031963274,
    "E0": 3.9438143027938053,
    "E1": 4.599493933831324,
    "E2": 4.011341854343094,
    "E3": 4.113763770911894,
    "E4": 5.612180667524653,
    "E5": 5.422966173136681,
    "sigma_iwn": -0.8008232114962511,
    "J_BKT": 0.10219776623748178,
    "L_best": 0.10219776623748178,
    "run_id": "killer_20260624_222331",
    "formula": "MoS2",
    "cif_path": "/Users/shanyu/Desktop/foliation-pass-v1/artifacts/abinitio/runs/killer_20260624_222331/candidate.cif",
    "provenance": "fpu_mcmc_theta_star.json"
  }
}