{
  "schema": "foliation.theta_blueprint.v1",
  "exported_at": "2026-06-16T16:48:03.664985+00:00",
  "run_id": "killer_20260615_122305",
  "run_dir": "/Users/shanyu/Desktop/foliation-pass-v1/artifacts/abinitio/runs/killer_20260615_122305",
  "formula": "MoS2",
  "theta_labels": [
    "U",
    "mu",
    "V0",
    "V1",
    "V2",
    "V3",
    "V4",
    "V5",
    "E0",
    "E1",
    "E2",
    "E3",
    "E4",
    "E5"
  ],
  "theta_star": [
    5.050219979158522,
    0.41320653970236604,
    0.0780036457941791,
    0.6093372554269384,
    0.026468001546619963,
    0.3596813380058736,
    0.9837829127533433,
    -0.05379650422963514,
    3.137481443708518,
    2.2847224054296453,
    4.065799265115059,
    1.0229488704422185,
    5.054756247884201,
    7.7917390158313475
  ],
  "sigma_iwn": -0.7981609082025751,
  "J_BKT": 0.353557667669564,
  "L_best": 0.353557667669564,
  "provenance": {
    "source_files": [
      "/Users/shanyu/Desktop/foliation-pass-v1/artifacts/abinitio/runs/killer_20260615_122305/fpu_feed/fpu_mcmc_theta_star.json"
    ],
    "sigma_iwn": -0.7981609082025751,
    "J_BKT": 0.353557667669564,
    "L_best": 0.353557667669564,
    "forge_calls": 4003,
    "manifold": "Theta14 = [U, mu, V0..V5, E0..E5] \u00b7 BKT dSigma/dmu"
  },
  "csv_row": {
    "U": 5.050219979158522,
    "mu": 0.41320653970236604,
    "V0": 0.0780036457941791,
    "V1": 0.6093372554269384,
    "V2": 0.026468001546619963,
    "V3": 0.3596813380058736,
    "V4": 0.9837829127533433,
    "V5": -0.05379650422963514,
    "E0": 3.137481443708518,
    "E1": 2.2847224054296453,
    "E2": 4.065799265115059,
    "E3": 1.0229488704422185,
    "E4": 5.054756247884201,
    "E5": 7.7917390158313475,
    "sigma_iwn": -0.7981609082025751,
    "J_BKT": 0.353557667669564,
    "L_best": 0.353557667669564,
    "run_id": "killer_20260615_122305",
    "formula": "MoS2",
    "cif_path": "/Users/shanyu/Desktop/foliation-pass-v1/artifacts/abinitio/runs/killer_20260615_122305/candidate.cif",
    "provenance": "fpu_mcmc_theta_star.json"
  }
}