{
  "schema": "foliation.theta_blueprint.v1",
  "exported_at": "2026-06-25T14:20:35.195569+00:00",
  "run_id": "killer_20260625_213403",
  "run_dir": "/Users/shanyu/Desktop/foliation-pass-v1/artifacts/abinitio/runs/killer_20260625_213403",
  "formula": "MoS2",
  "theta_labels": [
    "U",
    "mu",
    "V0",
    "V1",
    "V2",
    "V3",
    "V4",
    "V5",
    "E0",
    "E1",
    "E2",
    "E3",
    "E4",
    "E5"
  ],
  "theta_star": [
    2.505554233468957,
    -1.18936495024047,
    0.4289061085899163,
    0.2332759297287207,
    0.1372620123331573,
    0.16576878358607455,
    0.1896138490509466,
    0.2911133805889325,
    4.322096806057022,
    4.712229004062733,
    3.690347138097867,
    3.9610871176667817,
    5.087580987212147,
    5.375885231965803
  ],
  "sigma_iwn": -0.8069797109084356,
  "J_BKT": 0.07017709945168038,
  "L_best": 0.07017709945168038,
  "provenance": {
    "source_files": [
      "/Users/shanyu/Desktop/foliation-pass-v1/artifacts/abinitio/runs/killer_20260625_213403/fpu_feed/fpu_mcmc_theta_star.json"
    ],
    "sigma_iwn": -0.8069797109084356,
    "J_BKT": 0.07017709945168038,
    "L_best": 0.07017709945168038,
    "forge_calls": 43,
    "manifold": "Theta14 = [U, mu, V0..V5, E0..E5] \u00b7 BKT dSigma/dmu"
  },
  "csv_row": {
    "U": 2.505554233468957,
    "mu": -1.18936495024047,
    "V0": 0.4289061085899163,
    "V1": 0.2332759297287207,
    "V2": 0.1372620123331573,
    "V3": 0.16576878358607455,
    "V4": 0.1896138490509466,
    "V5": 0.2911133805889325,
    "E0": 4.322096806057022,
    "E1": 4.712229004062733,
    "E2": 3.690347138097867,
    "E3": 3.9610871176667817,
    "E4": 5.087580987212147,
    "E5": 5.375885231965803,
    "sigma_iwn": -0.8069797109084356,
    "J_BKT": 0.07017709945168038,
    "L_best": 0.07017709945168038,
    "run_id": "killer_20260625_213403",
    "formula": "MoS2",
    "cif_path": "/Users/shanyu/Desktop/foliation-pass-v1/artifacts/abinitio/runs/killer_20260625_213403/candidate.cif",
    "provenance": "fpu_mcmc_theta_star.json"
  }
}