{"U":1.9002021208964288,"Mu":-0.6095136536643684,"V_k":[0.233605, 0.483845, -0.144094, -0.853085, -0.134744, 0.143352],"E_k":[3.753438, 3.604773, 5.185802, 5.022352, 3.96127, 4.605776]}
