{
  "source": "forge-daemon+ED-6bath",
  "pole_weights": [
    1.0031208333333335,
    1.3441510416666667,
    2.5917770833333336,
    3.5811989583333332,
    4.602355208333333,
    5.616459375
  ],
  "sigma_iwn": -0.8052397715081205,
  "U_eV": 2.5,
  "Mu_eV": -1.2,
  "V_k_eV": [
    0.6766,
    0.0,
    0.0001,
    0.0001,
    0.0001,
    0.0001
  ],
  "E_k_eV": [
    -5.12,
    -5.12,
    10.0,
    10.0,
    10.0,
    10.0
  ]
}