{
  "source": "forge-daemon-poles+hubbard+hr-anisotropy",
  "temperature_K": [
    0.5,
    2.0,
    5.0,
    10.0,
    20.0,
    40.0,
    80.0,
    120.0,
    160.0,
    200.0
  ],
  "rho_s": [
    0.0009542236528487084,
    0.0009540093367353812,
    0.0009535806333496905,
    0.0009528659166665617,
    0.0009514356904835788,
    0.0009485720557859867,
    0.0009428319676707595,
    0.0009370746151661157,
    0.0009312997870675884,
    0.0009255072676021685
  ],
  "T_c_estimate_K": 4475.421667868645,
  "rho_s_at_zero": 0.0009542950862847223,
  "delta_gap_eV": 0.6766,
  "bandwidth_txy_eV": 0.6769999999999999
}