{
  "E_k_eV": [
    4.091805739443395,
    3.4473618812538915,
    5.176156323624389,
    4.894783750179876,
    3.519418346668428,
    4.5929323434133185
  ],
  "J_BKT": 0.05298501139533229,
  "L_best": 0.05298501139533229,
  "Mu_eV": -1.2688525874575034,
  "U_eV": 2.4412918189903086,
  "V_k_eV": [
    0.23420660959479644,
    0.09546191849481182,
    0.1161571913548475,
    0.14832385923421462,
    0.11192578851670873,
    0.21374015125201554
  ],
  "config": {
    "delta_mu": 0.05,
    "gamma": 0.08,
    "lambda_penalty": 10.0,
    "n_steps": 8,
    "seed": 42,
    "t_end": 0.001,
    "t_start": 1.0,
    "v_max": 1.5
  },
  "forge_calls": 19,
  "manifold": "Theta14 = [U, mu, V0..V5, E0..E5] · BKT dSigma/dmu",
  "sigma_iwn": -0.7738358595254327,
  "theta_labels": [
    "U",
    "mu",
    "V0",
    "V1",
    "V2",
    "V3",
    "V4",
    "V5",
    "E0",
    "E1",
    "E2",
    "E3",
    "E4",
    "E5"
  ],
  "theta_star": [
    2.4412918189903086,
    -1.2688525874575034,
    0.23420660959479644,
    0.09546191849481182,
    0.1161571913548475,
    0.14832385923421462,
    0.11192578851670873,
    0.21374015125201554,
    4.091805739443395,
    3.4473618812538915,
    5.176156323624389,
    4.894783750179876,
    3.519418346668428,
    4.5929323434133185
  ]
}