{
  "manifold": "Theta14 = [U, mu, V0..V5, E0..E5] \u00b7 BKT dSigma/dmu",
  "theta_labels": [
    "U",
    "mu",
    "V0",
    "V1",
    "V2",
    "V3",
    "V4",
    "V5",
    "E0",
    "E1",
    "E2",
    "E3",
    "E4",
    "E5"
  ],
  "theta_star": [
    4.021554356784684,
    -0.30171235835160487,
    0.24447307091590176,
    -0.2372556672866179,
    -1.1799359975759385,
    -0.7295901723301496,
    -0.5912017903126496,
    -0.8995121005674992,
    6.400156544554579,
    1.752295365508418,
    4.780661627006192,
    7.806228816274429,
    2.792526026357405,
    4.79606505665685
  ],
  "U_eV": 4.021554356784684,
  "Mu_eV": -0.30171235835160487,
  "V_k_eV": [
    0.24447307091590176,
    -0.2372556672866179,
    -1.1799359975759385,
    -0.7295901723301496,
    -0.5912017903126496,
    -0.8995121005674992
  ],
  "E_k_eV": [
    6.400156544554579,
    1.752295365508418,
    4.780661627006192,
    7.806228816274429,
    2.792526026357405,
    4.79606505665685
  ],
  "sigma_iwn": -0.8164983160200197,
  "J_BKT": 0.3652802183407944,
  "L_best": 0.3652802183407944,
  "winning_walker": 3,
  "winning_seed": 29961
}