{
  "manifold": "Theta14 = [U, mu, V0..V5, E0..E5] \u00b7 BKT dSigma/dmu",
  "theta_labels": [
    "U",
    "mu",
    "V0",
    "V1",
    "V2",
    "V3",
    "V4",
    "V5",
    "E0",
    "E1",
    "E2",
    "E3",
    "E4",
    "E5"
  ],
  "theta_star": [
    3.6702429907343914,
    -0.67274585552432,
    1.087902026107614,
    -0.12210612735931664,
    -0.976218523731173,
    -1.3803708825811238,
    -0.26237716853784376,
    -1.0766250407895828,
    0.13923364511103808,
    -3.022599346870716,
    -1.1982976134287802,
    1.5857574681718234,
    -1.9992083393106617,
    -1.7570747103946287
  ],
  "U_eV": 3.6702429907343914,
  "Mu_eV": -0.67274585552432,
  "V_k_eV": [
    1.087902026107614,
    -0.12210612735931664,
    -0.976218523731173,
    -1.3803708825811238,
    -0.26237716853784376,
    -1.0766250407895828
  ],
  "E_k_eV": [
    0.13923364511103808,
    -3.022599346870716,
    -1.1982976134287802,
    1.5857574681718234,
    -1.9992083393106617,
    -1.7570747103946287
  ],
  "sigma_iwn": -0.8484616740299565,
  "J_BKT": 0.2263445357456495,
  "L_best": 0.2263445357456495,
  "winning_walker": 3,
  "winning_seed": 29961
}