{
  "source": "forge-daemon+ED-6bath",
  "pole_weights": [
    1.9664175,
    1.7410375,
    2.63542,
    3.298275,
    4.33686125,
    5.40091125
  ],
  "sigma_iwn": -0.88337709556632,
  "U_eV": 2.5,
  "Mu_eV": -1.2,
  "V_k_eV": [
    1.6223,
    0.416,
    0.2885,
    0.0,
    0.0,
    0.0
  ],
  "E_k_eV": [
    -1.5501,
    -1.1685,
    -1.1214,
    -1.118,
    -1.1626,
    -1.4741
  ]
}